Game Turn, Player, Num Cities, Population, Techs, Civics, Land Units, corps, Armies, Naval Units, TILES: Owned, Improved, BALANCE: Gold, Faith, YIELDS: Science, Culture, Gold, Faith, Production, Food
1, CIVILIZATION_GERMANY, 0, 0, 0, 0, 1, 0, 0, 0, 0, 0, 5, 0, 0, 0, 0, 0, 0, 0
1, CIVILIZATION_SPAIN, 0, 0, 0, 0, 1, 0, 0, 0, 0, 0, 5, 0, 0, 0, 0, 0, 0, 0
1, CIVILIZATION_FRANCE, 0, 0, 0, 0, 1, 0, 0, 0, 0, 0, 5, 0, 0, 0, 0, 0, 0, 0
1, CIVILIZATION_OTTOMAN, 0, 0, 0, 0, 1, 0, 0, 0, 0, 0, 5, 0, 0, 0, 0, 0, 0, 0
1, CIVILIZATION_ZULU, 0, 0, 0, 0, 1, 0, 0, 0, 0, 0, 5, 0, 0, 0, 0, 0, 0, 0
1, CIVILIZATION_EGYPT, 0, 0, 0, 0, 1, 0, 0, 0, 0, 0, 5, 0, 0, 0, 0, 0, 0, 0
1, CIVILIZATION_NORWAY, 0, 0, 0, 0, 1, 0, 0, 0, 0, 0, 5, 0, 0, 0, 0, 0, 0, 0
1, CIVILIZATION_SAMARKAND, 0, 0, 0, 0, 2, 0, 0, 0, 0, 0, 5, 0, 0, 0, 0, 0, 0, 0
1, CIVILIZATION_BUENOS_AIRES, 0, 0, 0, 0, 2, 0, 0, 0, 0, 0, 5, 0, 0, 0, 0, 0, 0, 0
1, CIVILIZATION_HONG_KONG, 0, 0, 0, 0, 2, 0, 0, 0, 0, 0, 5, 0, 0, 0, 0, 0, 0, 0
1, CIVILIZATION_TARUGA, 0, 0, 0, 0, 2, 0, 0, 0, 0, 0, 5, 0, 0, 0, 0, 0, 0, 0
1, CIVILIZATION_JOHANNESBURG, 0, 0, 0, 0, 2, 0, 0, 0, 0, 0, 5, 0, 0, 0, 0, 0, 0, 0
1, CIVILIZATION_YEREVAN, 0, 0, 0, 0, 2, 0, 0, 0, 0, 0, 5, 0, 0, 0, 0, 0, 0, 0
1, CIVILIZATION_JAKARTA, 0, 0, 0, 0, 2, 0, 0, 0, 0, 0, 5, 0, 0, 0, 0, 0, 0, 0
1, CIVILIZATION_PRESLAV, 0, 0, 0, 0, 2, 0, 0, 0, 0, 0, 5, 0, 0, 0, 0, 0, 0, 0
1, CIVILIZATION_MEXICO_CITY, 0, 0, 0, 0, 2, 0, 0, 0, 0, 0, 5, 0, 0, 0, 0, 0, 0, 0
1, CIVILIZATION_GRANADA, 0, 0, 0, 0, 2, 0, 0, 0, 0, 0, 5, 0, 0, 0, 0, 0, 0, 0
1, CIVILIZATION_ZANZIBAR, 0, 0, 0, 0, 2, 0, 0, 0, 0, 0, 5, 0, 0, 0, 0, 0, 0, 0
1, CIVILIZATION_LA_VENTA, 0, 0, 0, 0, 2, 0, 0, 0, 0, 0, 5, 0, 0, 0, 0, 0, 0, 0
1, CIVILIZATION_FREE_CITIES, 0, 0, 0, 0, 0, 0, 0, 0, 0, 0, 0, 0, 0, 0, 0, 0, 0, 0
1, CIVILIZATION_JAPAN, 0, 0, 0, 0, 1, 0, 0, 0, 0, 0, 5, 0, 0, 0, 0, 0, 0, 0
2, CIVILIZATION_GERMANY, 1, 1, 0, 0, 1, 0, 0, 0, 7, 0, 11, 0, 2, 1, 6, 0, 7, 3
2, CIVILIZATION_SPAIN, 1, 1, 0, 0, 1, 0, 0, 0, 7, 0, 11, 0, 2, 1, 6, 0, 6, 4
2, CIVILIZATION_FRANCE, 1, 1, 0, 0, 1, 0, 0, 0, 7, 0, 11, 0, 2, 2, 6, 0, 6, 3
2, CIVILIZATION_OTTOMAN, 1, 1, 0, 0, 1, 0, 0, 0, 7, 0, 11, 0, 2, 1, 6, 0, 7, 3
2, CIVILIZATION_ZULU, 1, 1, 0, 0, 1, 0, 0, 0, 7, 0, 11, 0, 2, 1, 6, 0, 8, 3
2, CIVILIZATION_EGYPT, 1, 1, 0, 0, 1, 0, 0, 0, 7, 0, 11, 0, 3, 1, 6, 0, 4, 4
2, CIVILIZATION_NORWAY, 1, 1, 0, 0, 1, 0, 0, 0, 7, 0, 11, 0, 2, 1, 6, 0, 6, 4
2, CIVILIZATION_SAMARKAND, 1, 1, 0, 0, 2, 0, 0, 0, 7, 0, 13, 0, 2, 1, 8, 0, 1, 3
2, CIVILIZATION_BUENOS_AIRES, 1, 1, 0, 0, 2, 0, 0, 0, 7, 0, 12, 0, 2, 1, 7, 0, 2, 3
2, CIVILIZATION_HONG_KONG, 1, 1, 0, 0, 2, 0, 0, 0, 7, 0, 10, 0, 2, 1, 5, 0, 3, 3
2, CIVILIZATION_TARUGA, 1, 1, 0, 0, 2, 0, 0, 0, 7, 0, 10, 0, 2, 1, 5, 0, 2, 5
2, CIVILIZATION_JOHANNESBURG, 1, 1, 0, 0, 2, 0, 0, 0, 7, 0, 10, 0, 2, 1, 5, 0, 2, 4
2, CIVILIZATION_YEREVAN, 1, 1, 0, 0, 2, 0, 0, 0, 7, 0, 11, 0, 2, 1, 6, 0, 2, 5
2, CIVILIZATION_JAKARTA, 1, 1, 0, 0, 2, 0, 0, 0, 7, 0, 10, 0, 3, 1, 5, 0, 2, 3
2, CIVILIZATION_PRESLAV, 1, 1, 0, 0, 2, 0, 0, 0, 7, 0, 13, 0, 2, 1, 8, 0, 1, 3
2, CIVILIZATION_MEXICO_CITY, 1, 1, 0, 0, 2, 0, 0, 0, 7, 0, 10, 0, 2, 1, 5, 0, 1, 5
2, CIVILIZATION_GRANADA, 1, 1, 0, 0, 2, 0, 0, 0, 7, 0, 10, 0, 2, 1, 5, 0, 2, 3
2, CIVILIZATION_ZANZIBAR, 1, 1, 0, 0, 2, 0, 0, 0, 7, 0, 10, 0, 2, 1, 5, 0, 2, 4
2, CIVILIZATION_LA_VENTA, 1, 1, 0, 0, 2, 0, 0, 0, 7, 0, 10, 0, 2, 1, 5, 0, 2, 4
2, CIVILIZATION_FREE_CITIES, 0, 0, 0, 0, 0, 0, 0, 0, 0, 0, 0, 0, 0, 0, 0, 0, 0, 0
2, CIVILIZATION_JAPAN, 1, 1, 0, 0, 1, 0, 0, 0, 7, 0, 10, 0, 2, 1, 5, 0, 6, 3
3, CIVILIZATION_GERMANY, 1, 1, 0, 0, 1, 0, 0, 0, 7, 0, 17, 0, 2, 1, 6, 0, 7, 3
3, CIVILIZATION_SPAIN, 1, 1, 0, 0, 1, 0, 0, 0, 7, 0, 17, 0, 2, 1, 6, 0, 6, 4
3, CIVILIZATION_FRANCE, 1, 1, 0, 0, 1, 0, 0, 0, 7, 0, 17, 0, 2, 2, 6, 0, 6, 3
3, CIVILIZATION_OTTOMAN, 1, 1, 0, 0, 1, 0, 0, 0, 7, 0, 17, 0, 2, 1, 6, 0, 7, 3
3, CIVILIZATION_ZULU, 1, 1, 0, 0, 1, 0, 0, 0, 7, 0, 17, 0, 2, 1, 6, 0, 8, 3
3, CIVILIZATION_EGYPT, 1, 1, 0, 0, 1, 0, 0, 0, 7, 0, 17, 0, 3, 1, 6, 0, 4, 4
3, CIVILIZATION_NORWAY, 1, 1, 0, 0, 1, 0, 0, 0, 7, 0, 17, 0, 2, 1, 6, 0, 6, 4
3, CIVILIZATION_SAMARKAND, 1, 1, 0, 0, 2, 0, 0, 0, 7, 0, 21, 0, 2, 1, 8, 0, 1, 3
3, CIVILIZATION_BUENOS_AIRES, 1, 1, 0, 0, 2, 0, 0, 0, 7, 0, 19, 0, 2, 1, 7, 0, 2, 3
3, CIVILIZATION_HONG_KONG, 1, 1, 0, 0, 2, 0, 0, 0, 7, 0, 15, 0, 2, 1, 5, 0, 3, 3
3, CIVILIZATION_TARUGA, 1, 1, 0, 0, 2, 0, 0, 0, 7, 0, 15, 0, 2, 1, 5, 0, 2, 5
3, CIVILIZATION_JOHANNESBURG, 1, 1, 0, 0, 2, 0, 0, 0, 7, 0, 15, 0, 2, 1, 5, 0, 2, 4
3, CIVILIZATION_YEREVAN, 1, 1, 0, 0, 2, 0, 0, 0, 7, 0, 17, 0, 2, 1, 6, 0, 2, 5
3, CIVILIZATION_JAKARTA, 1, 1, 0, 0, 2, 0, 0, 0, 7, 0, 15, 0, 3, 1, 5, 0, 2, 3
3, CIVILIZATION_PRESLAV, 1, 1, 0, 0, 2, 0, 0, 0, 7, 0, 21, 0, 2, 1, 8, 0, 1, 3
3, CIVILIZATION_MEXICO_CITY, 1, 1, 0, 0, 2, 0, 0, 0, 7, 0, 15, 0, 2, 1, 5, 0, 1, 5
3, CIVILIZATION_GRANADA, 1, 1, 0, 0, 2, 0, 0, 0, 7, 0, 15, 0, 2, 1, 5, 0, 2, 3
3, CIVILIZATION_ZANZIBAR, 1, 1, 0, 0, 2, 0, 0, 0, 7, 0, 15, 0, 2, 1, 5, 0, 2, 4
3, CIVILIZATION_LA_VENTA, 1, 1, 0, 0, 2, 0, 0, 0, 7, 0, 15, 0, 2, 1, 5, 0, 2, 4
3, CIVILIZATION_FREE_CITIES, 0, 0, 0, 0, 0, 0, 0, 0, 0, 0, 0, 0, 0, 0, 0, 0, 0, 0
3, CIVILIZATION_JAPAN, 1, 1, 0, 0, 1, 0, 0, 0, 7, 0, 15, 0, 2, 1, 5, 0, 6, 3
4, CIVILIZATION_GERMANY, 1, 1, 0, 0, 1, 0, 0, 0, 7, 0, 23, 0, 2, 1, 6, 0, 7, 3
4, CIVILIZATION_SPAIN, 1, 1, 0, 0, 1, 0, 0, 0, 7, 0, 23, 0, 2, 1, 6, 0, 6, 4
4, CIVILIZATION_FRANCE, 1, 1, 0, 0, 1, 0, 0, 0, 7, 0, 23, 0, 2, 2, 6, 0, 6, 3
4, CIVILIZATION_OTTOMAN, 1, 1, 0, 0, 1, 0, 0, 0, 7, 0, 23, 0, 2, 1, 6, 0, 7, 3
4, CIVILIZATION_ZULU, 1, 1, 0, 0, 1, 0, 0, 0, 7, 0, 23, 0, 2, 1, 6, 0, 8, 3
4, CIVILIZATION_EGYPT, 1, 1, 0, 0, 1, 0, 0, 0, 7, 0, 23, 0, 3, 1, 6, 0, 4, 4
4, CIVILIZATION_NORWAY, 1, 1, 0, 0, 1, 0, 0, 0, 7, 0, 23, 0, 2, 1, 6, 0, 6, 4
4, CIVILIZATION_SAMARKAND, 1, 1, 0, 0, 2, 0, 0, 0, 7, 0, 29, 0, 2, 1, 8, 0, 1, 3
4, CIVILIZATION_BUENOS_AIRES, 1, 1, 0, 0, 2, 0, 0, 0, 7, 0, 26, 0, 2, 1, 7, 0, 2, 3
4, CIVILIZATION_HONG_KONG, 1, 1, 0, 0, 2, 0, 0, 0, 7, 0, 20, 0, 2, 1, 5, 0, 3, 3
4, CIVILIZATION_TARUGA, 1, 1, 0, 0, 2, 0, 0, 0, 7, 0, 20, 0, 2, 1, 5, 0, 2, 5
4, CIVILIZATION_JOHANNESBURG, 1, 1, 0, 0, 2, 0, 0, 0, 7, 0, 20, 0, 2, 1, 5, 0, 2, 4
4, CIVILIZATION_YEREVAN, 1, 1, 0, 0, 2, 0, 0, 0, 7, 0, 23, 0, 2, 1, 6, 0, 2, 5
4, CIVILIZATION_JAKARTA, 1, 1, 0, 0, 2, 0, 0, 0, 7, 0, 20, 0, 3, 1, 5, 0, 2, 3
4, CIVILIZATION_PRESLAV, 1, 1, 0, 0, 2, 0, 0, 0, 7, 0, 29, 0, 2, 1, 8, 0, 1, 3
4, CIVILIZATION_MEXICO_CITY, 1, 1, 0, 0, 2, 0, 0, 0, 7, 0, 20, 0, 2, 1, 5, 0, 1, 5
4, CIVILIZATION_GRANADA, 1, 1, 0, 0, 2, 0, 0, 0, 7, 0, 20, 0, 2, 1, 5, 0, 2, 3
4, CIVILIZATION_ZANZIBAR, 1, 1, 0, 0, 2, 0, 0, 0, 7, 0, 20, 0, 2, 1, 5, 0, 2, 4
4, CIVILIZATION_LA_VENTA, 1, 1, 0, 0, 2, 0, 0, 0, 7, 0, 20, 0, 2, 1, 5, 0, 2, 4
4, CIVILIZATION_FREE_CITIES, 0, 0, 0, 0, 0, 0, 0, 0, 0, 0, 0, 0, 0, 0, 0, 0, 0, 0
4, CIVILIZATION_JAPAN, 1, 1, 0, 0, 1, 0, 0, 0, 7, 0, 20, 0, 2, 1, 5, 0, 6, 3
5, CIVILIZATION_GERMANY, 1, 1, 0, 0, 1, 0, 0, 0, 7, 0, 29, 0, 2, 1, 6, 0, 7, 3
5, CIVILIZATION_SPAIN, 1, 1, 0, 0, 1, 0, 0, 0, 7, 0, 29, 0, 2, 1, 6, 0, 6, 4
5, CIVILIZATION_FRANCE, 1, 1, 0, 0, 1, 0, 0, 0, 8, 0, 29, 0, 2, 2, 6, 0, 6, 3
5, CIVILIZATION_OTTOMAN, 1, 1, 0, 0, 1, 0, 0, 0, 7, 0, 29, 0, 2, 1, 6, 0, 7, 3
5, CIVILIZATION_ZULU, 1, 1, 0, 0, 1, 0, 0, 0, 7, 0, 29, 0, 2, 1, 6, 0, 8, 3
5, CIVILIZATION_EGYPT, 1, 2, 1, 0, 1, 0, 0, 0, 7, 0, 29, 0, 4, 1, 6, 0, 7, 6
5, CIVILIZATION_NORWAY, 1, 1, 0, 0, 1, 0, 0, 0, 7, 0, 29, 0, 2, 1, 6, 0, 6, 4
5, CIVILIZATION_SAMARKAND, 1, 1, 0, 0, 2, 0, 0, 0, 7, 0, 37, 0, 2, 1, 8, 0, 1, 3
5, CIVILIZATION_BUENOS_AIRES, 1, 1, 0, 0, 2, 0, 0, 0, 7, 0, 33, 0, 2, 1, 7, 0, 2, 3
5, CIVILIZATION_HONG_KONG, 1, 1, 0, 0, 2, 0, 0, 0, 7, 0, 25, 0, 2, 1, 5, 0, 3, 3
5, CIVILIZATION_TARUGA, 1, 2, 0, 0, 2, 0, 0, 0, 7, 0, 25, 0, 3, 1, 5, 0, 3, 7
5, CIVILIZATION_JOHANNESBURG, 1, 1, 0, 0, 2, 0, 0, 0, 7, 0, 25, 0, 2, 1, 5, 0, 2, 4
5, CIVILIZATION_YEREVAN, 1, 2, 0, 0, 2, 0, 0, 0, 7, 0, 29, 0, 3, 1, 6, 0, 3, 7
5, CIVILIZATION_JAKARTA, 1, 1, 1, 0, 2, 0, 0, 0, 7, 0, 25, 0, 3, 1, 5, 0, 2, 3
5, CIVILIZATION_PRESLAV, 1, 1, 0, 0, 2, 0, 0, 0, 7, 0, 37, 0, 2, 1, 8, 0, 1, 3
5, CIVILIZATION_MEXICO_CITY, 1, 2, 0, 0, 2, 0, 0, 0, 7, 0, 26, 1, 3, 1, 6, 1, 1, 6
5, CIVILIZATION_GRANADA, 1, 1, 0, 0, 2, 0, 0, 0, 7, 0, 25, 0, 2, 1, 5, 0, 2, 3
5, CIVILIZATION_ZANZIBAR, 1, 1, 0, 0, 2, 0, 0, 0, 7, 0, 25, 0, 2, 1, 5, 0, 2, 4
5, CIVILIZATION_LA_VENTA, 1, 1, 0, 0, 2, 0, 0, 0, 7, 0, 25, 0, 2, 1, 5, 0, 2, 4
5, CIVILIZATION_FREE_CITIES, 0, 0, 0, 0, 0, 0, 0, 0, 0, 0, 0, 0, 0, 0, 0, 0, 0, 0
5, CIVILIZATION_JAPAN, 1, 1, 0, 0, 2, 0, 0, 0, 7, 0, 25, 0, 2, 1, 5, 0, 6, 3
6, CIVILIZATION_GERMANY, 1, 1, 1, 0, 1, 0, 0, 0, 8, 0, 35, 0, 2, 1, 6, 0, 7, 3
6, CIVILIZATION_SPAIN, 1, 2, 1, 0, 1, 0, 0, 0, 8, 0, 35, 0, 3, 1, 6, 0, 9, 5
6, CIVILIZATION_FRANCE, 1, 1, 1, 1, 1, 0, 0, 0, 8, 0, 35, 0, 2, 2, 6, 0, 7, 3
6, CIVILIZATION_OTTOMAN, 1, 1, 1, 0, 1, 0, 0, 0, 8, 0, 35, 0, 2, 1, 6, 0, 7, 3
6, CIVILIZATION_ZULU, 1, 1, 1, 0, 1, 0, 0, 0, 8, 1, 35, 0, 2, 1, 6, 0, 8, 3
6, CIVILIZATION_EGYPT, 1, 2, 1, 0, 1, 0, 0, 0, 8, 0, 35, 0, 4, 1, 6, 0, 7, 6
6, CIVILIZATION_NORWAY, 1, 2, 1, 0, 1, 0, 0, 0, 8, 0, 35, 0, 3, 1, 6, 0, 9, 5
6, CIVILIZATION_SAMARKAND, 1, 1, 1, 0, 2, 0, 0, 0, 7, 0, 45, 0, 2, 1, 8, 0, 1, 3
6, CIVILIZATION_BUENOS_AIRES, 1, 1, 1, 0, 2, 0, 0, 0, 7, 0, 40, 0, 2, 1, 7, 0, 2, 3
6, CIVILIZATION_HONG_KONG, 1, 1, 1, 0, 2, 0, 0, 0, 7, 0, 30, 0, 2, 1, 5, 0, 3, 3
6, CIVILIZATION_TARUGA, 1, 2, 1, 0, 2, 0, 0, 0, 7, 0, 30, 0, 3, 1, 5, 0, 3, 7
6, CIVILIZATION_JOHANNESBURG, 1, 2, 1, 0, 2, 0, 0, 0, 7, 0, 30, 0, 3, 1, 5, 0, 2, 6
6, CIVILIZATION_YEREVAN, 1, 2, 1, 0, 2, 0, 0, 0, 7, 0, 35, 0, 3, 1, 6, 0, 3, 7
6, CIVILIZATION_JAKARTA, 1, 1, 1, 0, 2, 0, 0, 0, 7, 0, 30, 0, 3, 1, 5, 0, 2, 3
6, CIVILIZATION_PRESLAV, 1, 1, 1, 0, 2, 0, 0, 0, 7, 0, 45, 0, 2, 1, 8, 0, 1, 3
6, CIVILIZATION_MEXICO_CITY, 1, 2, 1, 0, 2, 0, 0, 0, 7, 0, 32, 2, 3, 1, 6, 1, 1, 6
6, CIVILIZATION_GRANADA, 1, 1, 1, 0, 2, 0, 0, 0, 7, 0, 30, 0, 2, 1, 5, 0, 2, 3
6, CIVILIZATION_ZANZIBAR, 1, 2, 1, 0, 2, 0, 0, 0, 7, 0, 32, 0, 3, 1, 7, 0, 2, 6
6, CIVILIZATION_LA_VENTA, 1, 2, 1, 0, 2, 0, 0, 0, 7, 0, 30, 0, 3, 1, 5, 0, 3, 7
6, CIVILIZATION_FREE_CITIES, 0, 0, 0, 0, 0, 0, 0, 0, 0, 0, 0, 0, 0, 0, 0, 0, 0, 0
6, CIVILIZATION_JAPAN, 1, 1, 1, 0, 2, 0, 0, 0, 8, 0, 30, 0, 2, 1, 5, 0, 6, 3
7, CIVILIZATION_GERMANY, 1, 1, 1, 0, 1, 0, 0, 0, 8, 1, 41, 0, 2, 1, 6, 0, 7, 3
7, CIVILIZATION_SPAIN, 1, 2, 1, 0, 1, 0, 0, 0, 8, 1, 41, 0, 3, 1, 6, 0, 9, 5
7, CIVILIZATION_FRANCE, 1, 1, 1, 1, 1, 0, 0, 0, 8, 1, 41, 0, 2, 2, 6, 0, 7, 3
7, CIVILIZATION_OTTOMAN, 1, 1, 1, 0, 1, 0, 0, 0, 8, 1, 41, 0, 2, 1, 6, 0, 7, 3
7, CIVILIZATION_ZULU, 1, 1, 1, 0, 1, 0, 0, 0, 8, 1, 41, 0, 2, 1, 6, 0, 8, 3
7, CIVILIZATION_EGYPT, 1, 2, 2, 0, 1, 0, 0, 0, 8, 0, 41, 0, 4, 1, 6, 0, 7, 6
7, CIVILIZATION_NORWAY, 1, 2, 1, 0, 1, 0, 0, 0, 8, 1, 41, 0, 3, 1, 6, 0, 9, 5
7, CIVILIZATION_SAMARKAND, 1, 1, 1, 0, 2, 0, 0, 0, 7, 0, 53, 0, 2, 1, 8, 0, 1, 3
7, CIVILIZATION_BUENOS_AIRES, 1, 1, 1, 0, 2, 0, 0, 0, 7, 0, 47, 0, 2, 1, 7, 0, 2, 3
7, CIVILIZATION_HONG_KONG, 1, 1, 1, 0, 2, 0, 0, 0, 7, 0, 35, 0, 2, 1, 5, 0, 3, 3
7, CIVILIZATION_TARUGA, 1, 2, 1, 0, 2, 0, 0, 0, 7, 1, 35, 0, 3, 1, 5, 0, 2, 8
7, CIVILIZATION_JOHANNESBURG, 1, 2, 1, 0, 2, 0, 0, 0, 7, 1, 35, 0, 3, 1, 5, 0, 2, 6
7, CIVILIZATION_YEREVAN, 1, 2, 1, 0, 2, 0, 0, 0, 7, 0, 41, 0, 3, 1, 6, 0, 3, 7
7, CIVILIZATION_JAKARTA, 1, 1, 1, 0, 2, 0, 0, 0, 7, 0, 35, 0, 3, 1, 5, 0, 2, 3
7, CIVILIZATION_PRESLAV, 1, 1, 1, 0, 2, 0, 0, 0, 7, 0, 53, 0, 2, 1, 8, 0, 1, 3
7, CIVILIZATION_MEXICO_CITY, 1, 2, 1, 0, 2, 0, 0, 0, 7, 0, 38, 3, 3, 1, 6, 1, 1, 6
7, CIVILIZATION_GRANADA, 1, 1, 1, 0, 2, 0, 0, 0, 7, 1, 35, 0, 4, 3, 5, 0, 1, 2
7, CIVILIZATION_ZANZIBAR, 1, 2, 1, 0, 2, 0, 0, 0, 7, 1, 37, 0, 3, 1, 5, 0, 2, 7
7, CIVILIZATION_LA_VENTA, 1, 2, 1, 0, 2, 0, 0, 0, 7, 1, 35, 3, 3, 1, 5, 3, 2, 6
7, CIVILIZATION_FREE_CITIES, 0, 0, 0, 0, 0, 0, 0, 0, 0, 0, 0, 0, 0, 0, 0, 0, 0, 0
7, CIVILIZATION_JAPAN, 1, 1, 1, 0, 3, 0, 0, 0, 9, 0, 10, 0, 2, 1, 5, 0, 6, 3
8, CIVILIZATION_GERMANY, 1, 1, 1, 0, 1, 0, 0, 0, 8, 1, 47, 0, 2, 1, 6, 0, 7, 3
8, CIVILIZATION_SPAIN, 1, 2, 1, 1, 1, 0, 0, 0, 8, 1, 47, 1, 3, 1, 7, 1, 9, 5
8, CIVILIZATION_FRANCE, 1, 1, 1, 1, 1, 0, 0, 0, 8, 1, 47, 0, 2, 2, 6, 0, 7, 3
8, CIVILIZATION_OTTOMAN, 1, 1, 1, 0, 1, 0, 0, 0, 8, 1, 47, 0, 2, 1, 6, 0, 7, 3
8, CIVILIZATION_ZULU, 1, 1, 1, 0, 1, 0, 0, 0, 8, 1, 47, 0, 2, 1, 6, 0, 8, 3
8, CIVILIZATION_EGYPT, 1, 3, 2, 1, 1, 0, 0, 0, 8, 1, 47, 1, 4, 2, 7, 1, 8, 9
8, CIVILIZATION_NORWAY, 1, 2, 1, 1, 1, 0, 0, 0, 8, 1, 47, 1, 3, 1, 7, 1, 9, 5
8, CIVILIZATION_SAMARKAND, 1, 1, 1, 1, 2, 0, 0, 0, 7, 0, 61, 0, 2, 1, 8, 0, 1, 3
8, CIVILIZATION_BUENOS_AIRES, 1, 1, 1, 1, 2, 0, 0, 0, 7, 0, 54, 0, 2, 1, 7, 0, 2, 3
8, CIVILIZATION_HONG_KONG, 1, 1, 1, 1, 2, 0, 0, 0, 7, 0, 40, 0, 2, 1, 5, 0, 3, 3
8, CIVILIZATION_TARUGA, 1, 3, 1, 1, 2, 0, 0, 0, 7, 1, 40, 0, 3, 1, 5, 0, 3, 10
8, CIVILIZATION_JOHANNESBURG, 1, 2, 1, 1, 2, 0, 0, 0, 7, 1, 40, 0, 3, 1, 5, 0, 2, 6
8, CIVILIZATION_YEREVAN, 1, 2, 1, 1, 2, 0, 0, 0, 7, 0, 47, 0, 3, 1, 6, 0, 3, 7
8, CIVILIZATION_JAKARTA, 1, 1, 2, 1, 2, 0, 0, 0, 7, 0, 40, 0, 3, 1, 5, 0, 2, 3
8, CIVILIZATION_PRESLAV, 1, 1, 1, 1, 3, 0, 0, 0, 7, 0, 61, 0, 2, 1, 8, 0, 1, 3
8, CIVILIZATION_MEXICO_CITY, 1, 2, 1, 1, 3, 0, 0, 0, 7, 0, 44, 4, 3, 1, 6, 1, 1, 6
8, CIVILIZATION_GRANADA, 1, 1, 1, 1, 2, 0, 0, 0, 7, 1, 40, 0, 2, 1, 5, 0, 2, 3
8, CIVILIZATION_ZANZIBAR, 1, 2, 1, 1, 2, 0, 0, 0, 7, 2, 44, 0, 3, 1, 7, 0, 2, 7
8, CIVILIZATION_LA_VENTA, 1, 2, 1, 1, 2, 0, 0, 0, 7, 2, 40, 6, 3, 1, 5, 3, 2, 6
8, CIVILIZATION_FREE_CITIES, 0, 0, 0, 0, 0, 0, 0, 0, 0, 0, 0, 0, 0, 0, 0, 0, 0, 0
8, CIVILIZATION_JAPAN, 1, 1, 1, 0, 3, 0, 0, 0, 9, 0, 15, 0, 2, 1, 5, 0, 6, 3
9, CIVILIZATION_GERMANY, 1, 2, 1, 1, 1, 0, 0, 0, 8, 1, 53, 1, 3, 1, 7, 1, 9, 5
9, CIVILIZATION_SPAIN, 1, 2, 1, 1, 1, 0, 0, 0, 8, 2, 64, 2, 3, 1, 7, 1, 9, 5
9, CIVILIZATION_FRANCE, 1, 2, 1, 1, 1, 0, 0, 0, 9, 1, 73, 0, 3, 2, 6, 0, 8, 6
9, CIVILIZATION_OTTOMAN, 1, 2, 1, 1, 1, 0, 0, 0, 8, 1, 53, 1, 3, 1, 7, 1, 9, 5
9, CIVILIZATION_ZULU, 1, 2, 1, 1, 1, 0, 0, 0, 8, 1, 65, 0, 3, 1, 8, 0, 10, 5
9, CIVILIZATION_EGYPT, 1, 3, 2, 1, 1, 0, 0, 0, 8, 1, 74, 2, 4, 2, 7, 1, 8, 9
9, CIVILIZATION_NORWAY, 1, 2, 1, 1, 2, 0, 0, 0, 8, 1, 84, 2, 3, 1, 7, 1, 9, 5
9, CIVILIZATION_SAMARKAND, 1, 2, 1, 1, 2, 0, 0, 0, 7, 1, 71, 0, 3, 1, 10, 0, 1, 3
9, CIVILIZATION_BUENOS_AIRES, 1, 2, 1, 1, 2, 0, 0, 0, 7, 0, 61, 0, 3, 1, 7, 0, 2, 4
9, CIVILIZATION_HONG_KONG, 1, 2, 1, 1, 2, 0, 0, 0, 7, 0, 45, 0, 3, 1, 5, 0, 4, 4
9, CIVILIZATION_TARUGA, 1, 3, 1, 1, 2, 0, 0, 0, 7, 2, 45, 0, 3, 1, 5, 0, 2, 11
9, CIVILIZATION_JOHANNESBURG, 1, 2, 1, 1, 2, 0, 0, 0, 7, 1, 45, 0, 3, 1, 5, 0, 2, 6
9, CIVILIZATION_YEREVAN, 1, 3, 2, 1, 2, 0, 0, 0, 7, 0, 53, 0, 4, 1, 6, 0, 4, 9
9, CIVILIZATION_JAKARTA, 1, 2, 2, 1, 2, 0, 0, 0, 7, 0, 45, 0, 4, 1, 5, 0, 3, 4
9, CIVILIZATION_PRESLAV, 1, 2, 1, 1, 3, 0, 0, 0, 7, 0, 70, 0, 3, 1, 9, 0, 1, 5
9, CIVILIZATION_MEXICO_CITY, 1, 2, 1, 1, 3, 0, 0, 0, 7, 0, 50, 5, 3, 1, 6, 1, 1, 6
9, CIVILIZATION_GRANADA, 1, 1, 1, 1, 2, 0, 0, 0, 7, 2, 45, 0, 4, 3, 5, 0, 1, 2
9, CIVILIZATION_ZANZIBAR, 1, 2, 1, 1, 2, 0, 0, 0, 7, 2, 51, 0, 3, 1, 7, 0, 2, 7
9, CIVILIZATION_LA_VENTA, 1, 2, 1, 1, 2, 0, 0, 0, 7, 2, 45, 9, 3, 1, 5, 3, 2, 6
9, CIVILIZATION_FREE_CITIES, 0, 0, 0, 0, 0, 0, 0, 0, 0, 0, 0, 0, 0, 0, 0, 0, 0, 0
9, CIVILIZATION_JAPAN, 1, 2, 1, 1, 3, 0, 0, 0, 9, 0, 20, 0, 3, 1, 5, 0, 7, 5
10, CIVILIZATION_GERMANY, 1, 2, 1, 1, 1, 0, 0, 0, 8, 1, 60, 2, 3, 1, 7, 1, 9, 5
10, CIVILIZATION_SPAIN, 1, 2, 1, 1, 1, 0, 0, 0, 8, 2, 61, 3, 3, 3, 7, 1, 9, 5
10, CIVILIZATION_FRANCE, 1, 2, 1, 1, 1, 0, 0, 0, 10, 1, 34, 0, 3, 2, 6, 0, 8, 6
10, CIVILIZATION_OTTOMAN, 1, 2, 1, 1, 1, 0, 0, 0, 8, 1, 60, 2, 3, 1, 7, 1, 9, 5
10, CIVILIZATION_ZULU, 1, 2, 1, 1, 1, 0, 0, 0, 8, 1, 63, 0, 3, 3, 8, 0, 10, 5
10, CIVILIZATION_EGYPT, 1, 3, 2, 1, 1, 0, 0, 0, 8, 1, 61, 3, 4, 4, 7, 1, 7, 9
10, CIVILIZATION_NORWAY, 1, 2, 1, 1, 2, 0, 0, 0, 8, 1, 61, 3, 3, 1, 7, 1, 9, 5
10, CIVILIZATION_SAMARKAND, 1, 1, 1, 1, 2, 0, 0, 0, 7, 1, 79, 0, 2, 1, 8, 0, 1, 3
10, CIVILIZATION_BUENOS_AIRES, 1, 2, 1, 1, 2, 0, 0, 0, 7, 0, 68, 0, 3, 1, 7, 0, 2, 4
10, CIVILIZATION_HONG_KONG, 1, 2, 1, 1, 2, 0, 0, 0, 7, 0, 50, 0, 3, 1, 5, 0, 4, 4
10, CIVILIZATION_TARUGA, 1, 3, 1, 1, 2, 0, 0, 0, 7, 2, 50, 0, 3, 1, 5, 0, 2, 11
10, CIVILIZATION_JOHANNESBURG, 1, 2, 1, 1, 3, 0, 0, 0, 7, 1, 50, 0, 3, 1, 5, 0, 2, 6
10, CIVILIZATION_YEREVAN, 1, 3, 2, 1, 2, 0, 0, 0, 7, 0, 59, 0, 4, 1, 6, 0, 4, 9
10, CIVILIZATION_JAKARTA, 1, 2, 2, 1, 2, 0, 0, 0, 7, 0, 50, 0, 4, 1, 5, 0, 3, 4
10, CIVILIZATION_PRESLAV, 1, 2, 1, 1, 3, 0, 0, 0, 7, 0, 81, 0, 3, 1, 11, 0, 1, 4
10, CIVILIZATION_MEXICO_CITY, 1, 3, 1, 1, 3, 0, 0, 0, 7, 0, 56, 6, 3, 1, 6, 1, 1, 6
10, CIVILIZATION_GRANADA, 1, 1, 1, 1, 2, 0, 0, 0, 7, 2, 50, 0, 2, 1, 5, 0, 2, 3
10, CIVILIZATION_ZANZIBAR, 1, 3, 1, 1, 2, 0, 0, 0, 7, 2, 58, 0, 3, 1, 7, 0, 2, 10
10, CIVILIZATION_LA_VENTA, 1, 2, 1, 1, 2, 0, 0, 0, 7, 2, 50, 12, 3, 1, 5, 3, 2, 6
10, CIVILIZATION_FREE_CITIES, 0, 0, 0, 0, 0, 0, 0, 0, 0, 0, 0, 0, 0, 0, 0, 0, 0, 0
10, CIVILIZATION_JAPAN, 1, 2, 1, 1, 4, 0, 0, 0, 9, 0, 25, 0, 3, 1, 5, 0, 7, 5
1, CIVILIZATION_NUBIA, 0, 0, 0, 0, 1, 0, 0, 0, 0, 0, 5, 0, 0, 0, 0, 0, 0, 0
1, CIVILIZATION_MACEDON, 0, 0, 0, 0, 1, 0, 0, 0, 0, 0, 5, 0, 0, 0, 0, 0, 0, 0
1, CIVILIZATION_SUMERIA, 0, 0, 0, 0, 1, 0, 0, 0, 0, 0, 5, 0, 0, 0, 0, 0, 0, 0
1, CIVILIZATION_CREE, 0, 0, 0, 0, 1, 0, 0, 0, 0, 0, 5, 0, 0, 0, 0, 0, 0, 0
1, CIVILIZATION_RUSSIA, 0, 0, 0, 0, 1, 0, 0, 0, 0, 0, 5, 1, 0, 0, 0, 1, 0, 0
1, CIVILIZATION_SCOTLAND, 0, 0, 0, 0, 1, 0, 0, 0, 0, 0, 5, 0, 0, 0, 0, 0, 0, 0
1, CIVILIZATION_HUNGARY, 0, 0, 0, 0, 1, 0, 0, 0, 0, 0, 5, 0, 0, 0, 0, 0, 0, 0
1, CIVILIZATION_CHINGUETTI, 0, 0, 0, 0, 2, 0, 0, 0, 0, 0, 5, 0, 0, 0, 0, 0, 0, 0
1, CIVILIZATION_KUMASI, 0, 0, 0, 0, 2, 0, 0, 0, 0, 0, 5, 0, 0, 0, 0, 0, 0, 0
1, CIVILIZATION_WOLIN, 0, 0, 0, 0, 2, 0, 0, 0, 0, 0, 5, 0, 0, 0, 0, 0, 0, 0
1, CIVILIZATION_KABUL, 0, 0, 0, 0, 2, 0, 0, 0, 0, 0, 5, 0, 0, 0, 0, 0, 0, 0
1, CIVILIZATION_HONG_KONG, 0, 0, 0, 0, 2, 0, 0, 0, 0, 0, 5, 0, 0, 0, 0, 0, 0, 0
1, CIVILIZATION_BUENOS_AIRES, 0, 0, 0, 0, 2, 0, 0, 0, 0, 0, 5, 0, 0, 0, 0, 0, 0, 0
1, CIVILIZATION_VALLETTA, 0, 0, 0, 0, 2, 0, 0, 0, 0, 0, 5, 0, 0, 0, 0, 0, 0, 0
1, CIVILIZATION_BRUSSELS, 0, 0, 0, 0, 2, 0, 0, 0, 0, 0, 5, 0, 0, 0, 0, 0, 0, 0
1, CIVILIZATION_NGAZARGAMU, 0, 0, 0, 0, 2, 0, 0, 0, 0, 0, 5, 0, 0, 0, 0, 0, 0, 0
1, CIVILIZATION_ARMAGH, 0, 0, 0, 0, 2, 0, 0, 0, 0, 0, 5, 0, 0, 0, 0, 0, 0, 0
1, CIVILIZATION_AYUTTHAYA, 0, 0, 0, 0, 2, 0, 0, 0, 0, 0, 5, 0, 0, 0, 0, 0, 0, 0
1, CIVILIZATION_BOLOGNA, 0, 0, 0, 0, 2, 0, 0, 0, 0, 0, 5, 0, 0, 0, 0, 0, 0, 0
1, CIVILIZATION_FREE_CITIES, 0, 0, 0, 0, 0, 0, 0, 0, 0, 0, 0, 0, 0, 0, 0, 0, 0, 0
1, CIVILIZATION_MONGOLIA, 0, 0, 0, 0, 1, 0, 0, 0, 0, 0, 5, 0, 0, 0, 0, 0, 0, 0
2, CIVILIZATION_NUBIA, 1, 1, 0, 0, 1, 0, 0, 0, 7, 0, 11, 0, 2, 1, 6, 0, 6, 4
2, CIVILIZATION_MACEDON, 1, 1, 0, 0, 1, 0, 0, 0, 7, 0, 11, 0, 2, 1, 6, 0, 6, 4
2, CIVILIZATION_SUMERIA, 1, 1, 0, 0, 1, 0, 0, 0, 7, 0, 13, 0, 2, 1, 8, 0, 4, 4
2, CIVILIZATION_CREE, 1, 1, 0, 0, 1, 0, 0, 0, 7, 0, 11, 0, 2, 1, 6, 0, 6, 4
2, CIVILIZATION_RUSSIA, 1, 1, 0, 0, 1, 0, 0, 0, 12, 0, 11, 2, 2, 1, 6, 1, 8, 3
2, CIVILIZATION_SCOTLAND, 1, 1, 0, 0, 1, 0, 0, 0, 7, 0, 11, 0, 2, 1, 6, 0, 7, 3
2, CIVILIZATION_HUNGARY, 1, 1, 0, 0, 1, 0, 0, 0, 7, 0, 11, 0, 2, 1, 6, 0, 7, 3
2, CIVILIZATION_CHINGUETTI, 1, 1, 0, 0, 2, 0, 0, 0, 7, 0, 10, 0, 2, 1, 5, 0, 2, 4
2, CIVILIZATION_KUMASI, 1, 1, 0, 0, 2, 0, 0, 0, 7, 0, 10, 0, 2, 1, 5, 0, 2, 4
2, CIVILIZATION_WOLIN, 1, 1, 0, 0, 2, 0, 0, 0, 7, 0, 10, 0, 2, 1, 5, 0, 2, 3
2, CIVILIZATION_KABUL, 1, 1, 0, 0, 2, 0, 0, 0, 7, 0, 11, 0, 2, 1, 6, 0, 4, 3
2, CIVILIZATION_HONG_KONG, 1, 1, 0, 0, 2, 0, 0, 0, 7, 0, 12, 0, 2, 1, 7, 0, 2, 3
2, CIVILIZATION_BUENOS_AIRES, 1, 1, 0, 0, 2, 0, 0, 0, 7, 0, 10, 1, 2, 1, 5, 1, 2, 4
2, CIVILIZATION_VALLETTA, 1, 1, 0, 0, 2, 0, 0, 0, 7, 0, 10, 0, 2, 1, 5, 0, 2, 3
2, CIVILIZATION_BRUSSELS, 1, 1, 0, 0, 2, 0, 0, 0, 7, 0, 10, 0, 3, 1, 5, 0, 2, 4
2, CIVILIZATION_NGAZARGAMU, 1, 1, 0, 0, 2, 0, 0, 0, 7, 0, 10, 0, 2, 1, 5, 0, 2, 3
2, CIVILIZATION_ARMAGH, 1, 1, 0, 0, 2, 0, 0, 0, 7, 0, 10, 0, 2, 1, 5, 0, 2, 4
2, CIVILIZATION_AYUTTHAYA, 1, 1, 0, 0, 2, 0, 0, 0, 7, 0, 10, 0, 2, 1, 5, 0, 1, 3
2, CIVILIZATION_BOLOGNA, 1, 1, 0, 0, 2, 0, 0, 0, 7, 0, 12, 0, 2, 1, 7, 0, 3, 3
2, CIVILIZATION_FREE_CITIES, 0, 0, 0, 0, 0, 0, 0, 0, 0, 0, 0, 0, 0, 0, 0, 0, 0, 0
2, CIVILIZATION_MONGOLIA, 1, 1, 0, 0, 1, 0, 0, 0, 7, 0, 10, 0, 2, 1, 5, 0, 6, 4
3, CIVILIZATION_NUBIA, 1, 1, 0, 0, 1, 0, 0, 0, 7, 0, 17, 0, 2, 1, 6, 0, 6, 4
3, CIVILIZATION_MACEDON, 1, 1, 0, 0, 1, 0, 0, 0, 7, 0, 17, 0, 2, 1, 6, 0, 6, 4
3, CIVILIZATION_SUMERIA, 1, 1, 0, 0, 1, 0, 0, 0, 7, 0, 21, 0, 2, 1, 8, 0, 4, 4
3, CIVILIZATION_CREE, 1, 1, 0, 0, 1, 0, 0, 0, 7, 0, 17, 0, 2, 1, 6, 0, 6, 4
3, CIVILIZATION_RUSSIA, 1, 1, 0, 0, 1, 0, 0, 0, 12, 0, 17, 3, 2, 1, 6, 1, 8, 3
3, CIVILIZATION_SCOTLAND, 1, 1, 0, 0, 1, 0, 0, 0, 7, 0, 17, 0, 2, 1, 6, 0, 7, 3
3, CIVILIZATION_HUNGARY, 1, 1, 0, 0, 1, 0, 0, 0, 7, 0, 17, 0, 2, 1, 6, 0, 7, 3
3, CIVILIZATION_CHINGUETTI, 1, 1, 0, 0, 2, 0, 0, 0, 7, 0, 15, 0, 2, 1, 5, 0, 2, 4
3, CIVILIZATION_KUMASI, 1, 1, 0, 0, 2, 0, 0, 0, 7, 0, 15, 0, 2, 1, 5, 0, 2, 4
3, CIVILIZATION_WOLIN, 1, 1, 0, 0, 2, 0, 0, 0, 7, 0, 15, 0, 2, 1, 5, 0, 2, 3
3, CIVILIZATION_KABUL, 1, 1, 0, 0, 2, 0, 0, 0, 7, 0, 17, 0, 2, 1, 6, 0, 4, 3
3, CIVILIZATION_HONG_KONG, 1, 1, 0, 0, 2, 0, 0, 0, 7, 0, 19, 0, 2, 1, 7, 0, 2, 3
3, CIVILIZATION_BUENOS_AIRES, 1, 1, 0, 0, 2, 0, 0, 0, 7, 0, 15, 2, 2, 1, 5, 1, 2, 4
3, CIVILIZATION_VALLETTA, 1, 1, 0, 0, 2, 0, 0, 0, 7, 0, 15, 0, 2, 1, 5, 0, 2, 3
3, CIVILIZATION_BRUSSELS, 1, 1, 0, 0, 2, 0, 0, 0, 7, 0, 15, 0, 3, 1, 5, 0, 2, 4
3, CIVILIZATION_NGAZARGAMU, 1, 1, 0, 0, 2, 0, 0, 0, 7, 0, 15, 0, 2, 1, 5, 0, 2, 3
3, CIVILIZATION_ARMAGH, 1, 1, 0, 0, 2, 0, 0, 0, 7, 0, 15, 0, 2, 1, 5, 0, 2, 4
3, CIVILIZATION_AYUTTHAYA, 1, 1, 0, 0, 2, 0, 0, 0, 7, 0, 15, 0, 2, 1, 5, 0, 1, 3
3, CIVILIZATION_BOLOGNA, 1, 1, 0, 0, 2, 0, 0, 0, 7, 0, 19, 0, 2, 1, 7, 0, 3, 3
3, CIVILIZATION_FREE_CITIES, 0, 0, 0, 0, 0, 0, 0, 0, 0, 0, 0, 0, 0, 0, 0, 0, 0, 0
3, CIVILIZATION_MONGOLIA, 1, 1, 0, 0, 1, 0, 0, 0, 7, 0, 15, 0, 2, 1, 5, 0, 6, 4
4, CIVILIZATION_NUBIA, 1, 1, 0, 0, 1, 0, 0, 0, 7, 0, 23, 0, 2, 1, 6, 0, 6, 4
4, CIVILIZATION_MACEDON, 1, 1, 0, 0, 1, 0, 0, 0, 7, 0, 23, 0, 2, 1, 6, 0, 6, 4
4, CIVILIZATION_SUMERIA, 1, 1, 0, 0, 1, 0, 0, 0, 7, 0, 30, 0, 2, 1, 8, 0, 4, 4
4, CIVILIZATION_CREE, 1, 1, 0, 0, 1, 0, 0, 0, 7, 0, 23, 0, 2, 1, 6, 0, 6, 4
4, CIVILIZATION_RUSSIA, 1, 1, 0, 0, 1, 0, 0, 0, 12, 0, 23, 4, 2, 1, 6, 1, 8, 3
4, CIVILIZATION_SCOTLAND, 1, 1, 0, 0, 1, 0, 0, 0, 7, 0, 23, 0, 2, 1, 6, 0, 7, 3
4, CIVILIZATION_HUNGARY, 1, 1, 0, 0, 1, 0, 0, 0, 7, 0, 23, 0, 2, 1, 6, 0, 7, 3
4, CIVILIZATION_CHINGUETTI, 1, 1, 0, 0, 2, 0, 0, 0, 7, 0, 20, 0, 2, 1, 5, 0, 2, 4
4, CIVILIZATION_KUMASI, 1, 1, 0, 0, 2, 0, 0, 0, 7, 0, 20, 0, 2, 1, 5, 0, 2, 4
4, CIVILIZATION_WOLIN, 1, 1, 0, 0, 2, 0, 0, 0, 7, 0, 20, 0, 2, 1, 5, 0, 2, 3
4, CIVILIZATION_KABUL, 1, 1, 0, 0, 2, 0, 0, 0, 7, 0, 23, 0, 2, 1, 6, 0, 4, 3
4, CIVILIZATION_HONG_KONG, 1, 1, 0, 0, 2, 0, 0, 0, 7, 0, 26, 0, 2, 1, 7, 0, 2, 3
4, CIVILIZATION_BUENOS_AIRES, 1, 1, 0, 0, 2, 0, 0, 0, 7, 0, 20, 3, 2, 1, 5, 1, 2, 4
4, CIVILIZATION_VALLETTA, 1, 1, 0, 0, 2, 0, 0, 0, 7, 0, 20, 0, 2, 1, 5, 0, 2, 3
4, CIVILIZATION_BRUSSELS, 1, 1, 0, 0, 2, 0, 0, 0, 7, 0, 20, 0, 3, 1, 5, 0, 2, 4
4, CIVILIZATION_NGAZARGAMU, 1, 1, 0, 0, 2, 0, 0, 0, 7, 0, 20, 0, 2, 1, 5, 0, 2, 3
4, CIVILIZATION_ARMAGH, 1, 1, 0, 0, 2, 0, 0, 0, 7, 0, 20, 0, 2, 1, 5, 0, 2, 4
4, CIVILIZATION_AYUTTHAYA, 1, 1, 0, 0, 2, 0, 0, 0, 7, 0, 20, 0, 2, 1, 5, 0, 1, 3
4, CIVILIZATION_BOLOGNA, 1, 1, 0, 0, 2, 0, 0, 0, 7, 0, 26, 0, 2, 1, 7, 0, 3, 3
4, CIVILIZATION_FREE_CITIES, 0, 0, 0, 0, 0, 0, 0, 0, 0, 0, 0, 0, 0, 0, 0, 0, 0, 0
4, CIVILIZATION_MONGOLIA, 1, 1, 0, 0, 1, 0, 0, 0, 7, 0, 20, 0, 2, 1, 5, 0, 6, 4
5, CIVILIZATION_NUBIA, 1, 1, 0, 0, 1, 0, 0, 0, 7, 0, 29, 0, 2, 1, 6, 0, 6, 4
5, CIVILIZATION_MACEDON, 1, 1, 0, 0, 1, 0, 0, 0, 7, 0, 29, 0, 2, 1, 6, 0, 6, 4
5, CIVILIZATION_SUMERIA, 1, 1, 0, 0, 2, 0, 0, 0, 7, 0, 38, 0, 2, 1, 8, 0, 4, 4
5, CIVILIZATION_CREE, 1, 1, 0, 0, 1, 0, 0, 0, 7, 0, 29, 0, 2, 1, 6, 0, 6, 4
5, CIVILIZATION_RUSSIA, 1, 1, 0, 0, 1, 0, 0, 0, 12, 0, 29, 5, 2, 1, 6, 1, 8, 3
5, CIVILIZATION_SCOTLAND, 1, 1, 0, 0, 1, 0, 0, 0, 7, 0, 29, 0, 2, 1, 6, 0, 7, 3
5, CIVILIZATION_HUNGARY, 1, 1, 0, 0, 1, 0, 0, 0, 7, 0, 29, 0, 2, 1, 6, 0, 7, 3
5, CIVILIZATION_CHINGUETTI, 1, 1, 0, 0, 2, 0, 0, 0, 7, 0, 25, 0, 2, 1, 5, 0, 2, 4
5, CIVILIZATION_KUMASI, 1, 1, 0, 0, 2, 0, 0, 0, 7, 0, 25, 0, 2, 1, 5, 0, 2, 4
5, CIVILIZATION_WOLIN, 1, 1, 0, 0, 2, 0, 0, 0, 7, 0, 25, 0, 2, 1, 5, 0, 2, 3
5, CIVILIZATION_KABUL, 1, 1, 0, 0, 2, 0, 0, 0, 7, 0, 29, 0, 2, 1, 6, 0, 4, 3
5, CIVILIZATION_HONG_KONG, 1, 1, 0, 0, 2, 0, 0, 0, 7, 0, 33, 0, 2, 1, 7, 0, 2, 3
5, CIVILIZATION_BUENOS_AIRES, 1, 1, 0, 0, 2, 0, 0, 0, 7, 0, 25, 4, 2, 1, 5, 1, 2, 4
5, CIVILIZATION_VALLETTA, 1, 1, 0, 0, 2, 0, 0, 0, 7, 0, 25, 0, 2, 1, 5, 0, 2, 3
5, CIVILIZATION_BRUSSELS, 1, 1, 1, 0, 2, 0, 0, 0, 7, 0, 25, 0, 3, 1, 5, 0, 2, 4
5, CIVILIZATION_NGAZARGAMU, 1, 1, 0, 0, 2, 0, 0, 0, 7, 0, 25, 0, 2, 1, 5, 0, 2, 3
5, CIVILIZATION_ARMAGH, 1, 1, 0, 0, 2, 0, 0, 0, 7, 0, 25, 0, 2, 1, 5, 0, 2, 4
5, CIVILIZATION_AYUTTHAYA, 1, 1, 0, 0, 2, 0, 0, 0, 7, 0, 25, 0, 2, 1, 5, 0, 1, 3
5, CIVILIZATION_BOLOGNA, 1, 1, 0, 0, 2, 0, 0, 0, 7, 0, 33, 0, 2, 1, 7, 0, 3, 3
5, CIVILIZATION_FREE_CITIES, 0, 0, 0, 0, 0, 0, 0, 0, 0, 0, 0, 0, 0, 0, 0, 0, 0, 0
5, CIVILIZATION_MONGOLIA, 1, 1, 0, 0, 2, 0, 0, 0, 7, 0, 25, 0, 2, 1, 5, 0, 6, 4
6, CIVILIZATION_NUBIA, 1, 2, 1, 0, 1, 0, 0, 0, 8, 0, 35, 0, 3, 1, 6, 0, 8, 6
6, CIVILIZATION_MACEDON, 1, 2, 1, 0, 1, 0, 0, 0, 8, 0, 35, 0, 3, 1, 6, 0, 9, 5
6, CIVILIZATION_SUMERIA, 1, 2, 1, 0, 2, 0, 0, 0, 8, 0, 46, 0, 3, 1, 8, 0, 7, 6
6, CIVILIZATION_CREE, 1, 2, 1, 0, 1, 0, 0, 0, 8, 0, 36, 0, 3, 1, 7, 0, 9, 6
6, CIVILIZATION_RUSSIA, 1, 1, 1, 0, 1, 0, 0, 0, 13, 0, 35, 6, 2, 1, 6, 1, 8, 3
6, CIVILIZATION_SCOTLAND, 1, 1, 1, 0, 1, 0, 0, 0, 8, 0, 35, 0, 2, 1, 6, 0, 7, 3
6, CIVILIZATION_HUNGARY, 1, 1, 1, 0, 1, 0, 0, 0, 8, 0, 35, 0, 2, 1, 6, 0, 7, 3
6, CIVILIZATION_CHINGUETTI, 1, 2, 1, 0, 2, 0, 0, 0, 7, 0, 30, 0, 3, 1, 5, 0, 2, 7
6, CIVILIZATION_KUMASI, 1, 2, 1, 0, 2, 0, 0, 0, 7, 0, 30, 0, 3, 1, 5, 0, 3, 6
6, CIVILIZATION_WOLIN, 1, 1, 1, 0, 2, 0, 0, 0, 7, 0, 30, 0, 2, 1, 5, 0, 2, 3
6, CIVILIZATION_KABUL, 1, 1, 1, 0, 2, 0, 0, 0, 7, 0, 35, 0, 2, 1, 6, 0, 4, 3
6, CIVILIZATION_HONG_KONG, 1, 1, 1, 0, 2, 0, 0, 0, 7, 0, 40, 0, 2, 1, 7, 0, 2, 3
6, CIVILIZATION_BUENOS_AIRES, 1, 2, 1, 0, 2, 0, 0, 0, 7, 0, 30, 5, 3, 1, 5, 1, 2, 6
6, CIVILIZATION_VALLETTA, 1, 1, 1, 0, 2, 0, 0, 0, 7, 0, 30, 0, 2, 1, 5, 0, 2, 3
6, CIVILIZATION_BRUSSELS, 1, 2, 1, 0, 2, 0, 0, 0, 7, 0, 31, 0, 4, 1, 6, 0, 2, 5
6, CIVILIZATION_NGAZARGAMU, 1, 1, 1, 0, 2, 0, 0, 0, 7, 0, 30, 0, 2, 1, 5, 0, 2, 3
6, CIVILIZATION_ARMAGH, 1, 2, 1, 0, 2, 0, 0, 0, 7, 0, 31, 0, 3, 1, 6, 0, 3, 6
6, CIVILIZATION_AYUTTHAYA, 1, 1, 1, 0, 2, 0, 0, 0, 7, 0, 30, 0, 2, 1, 5, 0, 1, 3
6, CIVILIZATION_BOLOGNA, 1, 1, 1, 0, 2, 0, 0, 0, 7, 1, 40, 0, 2, 1, 7, 0, 3, 3
6, CIVILIZATION_FREE_CITIES, 0, 0, 0, 0, 0, 0, 0, 0, 0, 0, 0, 0, 0, 0, 0, 0, 0, 0
6, CIVILIZATION_MONGOLIA, 1, 2, 1, 0, 2, 0, 0, 0, 8, 0, 30, 0, 3, 1, 5, 0, 7, 7
7, CIVILIZATION_NUBIA, 1, 2, 1, 0, 1, 0, 0, 0, 8, 0, 41, 0, 3, 1, 6, 0, 8, 6
7, CIVILIZATION_MACEDON, 1, 2, 1, 0, 1, 0, 0, 0, 8, 0, 41, 0, 3, 1, 6, 0, 9, 5
7, CIVILIZATION_SUMERIA, 1, 2, 1, 0, 2, 0, 0, 0, 8, 0, 55, 0, 3, 1, 8, 0, 7, 6
7, CIVILIZATION_CREE, 1, 2, 1, 0, 1, 0, 0, 0, 8, 1, 43, 0, 3, 1, 7, 0, 9, 6
7, CIVILIZATION_RUSSIA, 1, 1, 1, 0, 1, 0, 0, 0, 13, 0, 41, 7, 2, 1, 6, 1, 8, 3
7, CIVILIZATION_SCOTLAND, 1, 1, 1, 0, 1, 0, 0, 0, 8, 1, 41, 0, 2, 1, 6, 0, 7, 3
7, CIVILIZATION_HUNGARY, 1, 1, 1, 0, 1, 0, 0, 0, 8, 0, 41, 0, 2, 1, 6, 0, 7, 3
7, CIVILIZATION_CHINGUETTI, 1, 2, 1, 0, 2, 0, 0, 0, 7, 0, 35, 0, 3, 1, 5, 0, 2, 7
7, CIVILIZATION_KUMASI, 1, 2, 1, 0, 2, 0, 0, 0, 7, 0, 35, 0, 3, 1, 5, 0, 3, 6
7, CIVILIZATION_WOLIN, 1, 1, 1, 0, 2, 0, 0, 0, 7, 0, 35, 0, 2, 1, 5, 0, 2, 3
7, CIVILIZATION_KABUL, 1, 1, 1, 0, 2, 0, 0, 0, 7, 0, 41, 0, 2, 1, 6, 0, 4, 3
7, CIVILIZATION_HONG_KONG, 1, 1, 1, 0, 2, 0, 0, 0, 7, 0, 47, 0, 2, 1, 7, 0, 2, 3
7, CIVILIZATION_BUENOS_AIRES, 1, 2, 1, 0, 2, 0, 0, 0, 7, 1, 35, 6, 3, 1, 5, 1, 2, 6
7, CIVILIZATION_VALLETTA, 1, 1, 1, 0, 2, 0, 0, 0, 7, 0, 35, 0, 2, 1, 5, 0, 2, 3
7, CIVILIZATION_BRUSSELS, 1, 2, 1, 0, 2, 0, 0, 0, 7, 0, 39, 0, 4, 1, 8, 0, 2, 4
7, CIVILIZATION_NGAZARGAMU, 1, 1, 1, 0, 2, 0, 0, 0, 7, 0, 35, 0, 2, 1, 5, 0, 2, 3
7, CIVILIZATION_ARMAGH, 1, 2, 1, 0, 2, 0, 0, 0, 7, 0, 37, 0, 3, 1, 6, 0, 3, 6
7, CIVILIZATION_AYUTTHAYA, 1, 1, 1, 0, 2, 0, 0, 0, 7, 0, 35, 0, 2, 1, 5, 0, 1, 3
7, CIVILIZATION_BOLOGNA, 1, 1, 1, 0, 2, 0, 0, 0, 7, 1, 47, 0, 2, 1, 7, 0, 3, 3
7, CIVILIZATION_FREE_CITIES, 0, 0, 0, 0, 0, 0, 0, 0, 0, 0, 0, 0, 0, 0, 0, 0, 0, 0
7, CIVILIZATION_MONGOLIA, 1, 2, 1, 0, 2, 0, 0, 0, 8, 0, 35, 0, 3, 1, 5, 0, 7, 7
8, CIVILIZATION_NUBIA, 1, 2, 1, 1, 1, 0, 0, 0, 8, 1, 57, 1, 3, 1, 7, 1, 9, 6
8, CIVILIZATION_MACEDON, 1, 2, 1, 1, 1, 0, 0, 0, 8, 0, 57, 0, 3, 3, 6, 0, 10, 5
8, CIVILIZATION_SUMERIA, 1, 2, 1, 1, 2, 0, 0, 0, 8, 0, 43, 0, 3, 1, 8, 0, 8, 6
8, CIVILIZATION_CREE, 1, 2, 1, 1, 1, 0, 0, 0, 8, 1, 50, 1, 3, 1, 8, 1, 9, 6
8, CIVILIZATION_RUSSIA, 1, 1, 1, 0, 1, 0, 0, 0, 13, 0, 47, 8, 2, 1, 6, 1, 8, 3
8, CIVILIZATION_SCOTLAND, 1, 1, 1, 0, 1, 0, 0, 0, 8, 1, 47, 0, 2, 1, 6, 0, 7, 3
8, CIVILIZATION_HUNGARY, 1, 1, 1, 0, 1, 0, 0, 0, 8, 0, 47, 0, 2, 1, 6, 0, 7, 3
8, CIVILIZATION_CHINGUETTI, 1, 2, 1, 1, 2, 0, 0, 0, 7, 0, 40, 0, 3, 1, 5, 0, 2, 7
8, CIVILIZATION_KUMASI, 1, 2, 1, 1, 2, 0, 0, 0, 7, 0, 40, 0, 3, 1, 5, 0, 3, 6
8, CIVILIZATION_WOLIN, 1, 1, 1, 1, 2, 0, 0, 0, 7, 0, 40, 0, 2, 1, 5, 0, 2, 3
8, CIVILIZATION_KABUL, 1, 1, 1, 1, 2, 0, 0, 0, 7, 0, 47, 0, 2, 1, 6, 0, 4, 3
8, CIVILIZATION_HONG_KONG, 1, 1, 1, 1, 2, 0, 0, 0, 7, 1, 52, 0, 2, 1, 5, 0, 2, 4
8, CIVILIZATION_BUENOS_AIRES, 1, 2, 1, 1, 2, 0, 0, 0, 7, 1, 40, 7, 3, 1, 5, 1, 2, 6
8, CIVILIZATION_VALLETTA, 1, 1, 1, 1, 2, 0, 0, 0, 7, 0, 40, 0, 2, 1, 5, 0, 2, 3
8, CIVILIZATION_BRUSSELS, 1, 2, 1, 1, 2, 0, 0, 0, 7, 0, 45, 0, 4, 1, 6, 0, 2, 5
8, CIVILIZATION_NGAZARGAMU, 1, 1, 1, 1, 2, 0, 0, 0, 7, 0, 40, 0, 2, 1, 5, 0, 2, 3
8, CIVILIZATION_ARMAGH, 1, 2, 1, 1, 2, 0, 0, 0, 7, 1, 42, 3, 3, 1, 5, 3, 3, 6
8, CIVILIZATION_AYUTTHAYA, 1, 1, 1, 1, 3, 0, 0, 0, 7, 0, 40, 0, 2, 1, 5, 0, 1, 3
8, CIVILIZATION_BOLOGNA, 1, 1, 1, 1, 2, 0, 0, 0, 7, 1, 54, 0, 2, 1, 7, 0, 3, 3
8, CIVILIZATION_FREE_CITIES, 0, 0, 0, 0, 0, 0, 0, 0, 0, 0, 0, 0, 0, 0, 0, 0, 0, 0
8, CIVILIZATION_MONGOLIA, 1, 2, 1, 0, 2, 0, 0, 0, 8, 0, 40, 0, 3, 1, 5, 0, 7, 7
9, CIVILIZATION_NUBIA, 1, 2, 1, 1, 1, 0, 0, 0, 8, 1, 64, 2, 3, 1, 7, 1, 9, 6
9, CIVILIZATION_MACEDON, 1, 2, 1, 1, 1, 0, 0, 0, 9, 0, 73, 0, 3, 3, 6, 0, 10, 5
9, CIVILIZATION_SUMERIA, 1, 2, 1, 1, 2, 0, 0, 0, 8, 1, 72, 0, 3, 1, 8, 0, 6, 8
9, CIVILIZATION_CREE, 1, 2, 1, 1, 2, 0, 0, 0, 8, 1, 58, 2, 3, 1, 8, 1, 9, 6
9, CIVILIZATION_RUSSIA, 1, 2, 1, 1, 1, 0, 0, 0, 13, 0, 63, 10, 3, 3, 7, 2, 9, 6
9, CIVILIZATION_SCOTLAND, 1, 2, 1, 1, 1, 0, 0, 0, 8, 2, 73, 1, 3, 1, 7, 1, 6, 8
9, CIVILIZATION_HUNGARY, 1, 2, 1, 1, 1, 0, 0, 0, 8, 1, 83, 1, 3, 1, 7, 1, 9, 5
9, CIVILIZATION_CHINGUETTI, 1, 2, 1, 1, 2, 0, 0, 0, 7, 0, 45, 0, 3, 1, 5, 0, 2, 7
9, CIVILIZATION_KUMASI, 1, 2, 1, 1, 2, 0, 0, 0, 7, 0, 45, 0, 3, 1, 5, 0, 3, 6
9, CIVILIZATION_WOLIN, 1, 2, 1, 1, 2, 0, 0, 0, 7, 0, 45, 0, 3, 1, 5, 0, 2, 4
9, CIVILIZATION_KABUL, 1, 2, 1, 1, 2, 0, 0, 0, 7, 0, 55, 0, 3, 1, 8, 0, 5, 4
9, CIVILIZATION_HONG_KONG, 1, 2, 1, 1, 2, 0, 0, 0, 7, 1, 59, 0, 3, 1, 7, 0, 2, 5
9, CIVILIZATION_BUENOS_AIRES, 1, 2, 1, 1, 2, 0, 0, 0, 7, 1, 45, 8, 3, 1, 5, 1, 2, 6
9, CIVILIZATION_VALLETTA, 1, 2, 1, 1, 2, 0, 0, 0, 7, 0, 45, 0, 3, 1, 5, 0, 2, 4
9, CIVILIZATION_BRUSSELS, 1, 2, 2, 1, 2, 0, 0, 0, 7, 0, 53, 0, 4, 1, 8, 0, 2, 4
9, CIVILIZATION_NGAZARGAMU, 1, 2, 1, 1, 2, 0, 0, 0, 7, 0, 46, 0, 3, 1, 6, 0, 2, 5
9, CIVILIZATION_ARMAGH, 1, 2, 1, 1, 2, 0, 0, 0, 7, 1, 47, 6, 3, 1, 5, 3, 3, 6
9, CIVILIZATION_AYUTTHAYA, 1, 2, 1, 1, 3, 0, 0, 0, 7, 0, 45, 0, 3, 1, 5, 0, 1, 4
9, CIVILIZATION_BOLOGNA, 1, 2, 1, 1, 2, 0, 0, 0, 7, 1, 61, 0, 3, 1, 7, 0, 3, 6
9, CIVILIZATION_FREE_CITIES, 0, 0, 0, 0, 0, 0, 0, 0, 0, 0, 0, 0, 0, 0, 0, 0, 0, 0
9, CIVILIZATION_MONGOLIA, 1, 2, 1, 1, 2, 0, 0, 0, 8, 0, 45, 0, 3, 1, 5, 0, 7, 7
10, CIVILIZATION_NUBIA, 1, 2, 1, 1, 1, 0, 0, 0, 8, 1, 61, 3, 3, 1, 7, 1, 9, 6
10, CIVILIZATION_MACEDON, 1, 2, 2, 1, 1, 0, 0, 0, 9, 0, 59, 0, 3, 3, 6, 0, 10, 5
10, CIVILIZATION_SUMERIA, 1, 2, 1, 1, 2, 0, 0, 0, 9, 0, 55, 0, 3, 1, 8, 0, 6, 7
10, CIVILIZATION_CREE, 1, 2, 1, 1, 2, 0, 0, 0, 8, 2, 68, 3, 3, 1, 9, 1, 9, 6
10, CIVILIZATION_RUSSIA, 1, 2, 1, 1, 1, 0, 0, 0, 14, 0, 60, 12, 3, 3, 7, 2, 9, 6
10, CIVILIZATION_SCOTLAND, 1, 2, 1, 1, 1, 0, 0, 0, 8, 2, 60, 2, 3, 1, 7, 1, 6, 8
10, CIVILIZATION_HUNGARY, 1, 2, 1, 1, 1, 0, 0, 0, 8, 1, 60, 2, 3, 1, 7, 1, 9, 5
10, CIVILIZATION_CHINGUETTI, 1, 2, 1, 1, 2, 0, 0, 0, 7, 0, 50, 0, 3, 1, 5, 0, 2, 7
10, CIVILIZATION_KUMASI, 1, 2, 1, 1, 2, 0, 0, 0, 7, 0, 50, 0, 3, 1, 5, 0, 3, 6
10, CIVILIZATION_WOLIN, 1, 2, 1, 1, 2, 0, 0, 0, 7, 0, 50, 0, 3, 1, 5, 0, 2, 4
10, CIVILIZATION_KABUL, 1, 2, 2, 1, 2, 0, 0, 0, 7, 0, 63, 0, 3, 3, 8, 0, 5, 4
10, CIVILIZATION_HONG_KONG, 1, 2, 1, 1, 2, 0, 0, 0, 7, 2, 66, 0, 3, 1, 7, 0, 2, 5
10, CIVILIZATION_BUENOS_AIRES, 1, 2, 1, 1, 3, 0, 0, 0, 7, 1, 50, 9, 3, 1, 5, 1, 2, 6
10, CIVILIZATION_VALLETTA, 1, 2, 1, 1, 2, 0, 0, 0, 7, 0, 50, 0, 3, 1, 5, 0, 2, 4
10, CIVILIZATION_BRUSSELS, 1, 2, 2, 1, 2, 0, 0, 0, 7, 0, 59, 0, 4, 1, 6, 0, 2, 5
10, CIVILIZATION_NGAZARGAMU, 1, 2, 1, 1, 2, 0, 0, 0, 7, 0, 52, 0, 3, 1, 6, 0, 2, 5
10, CIVILIZATION_ARMAGH, 1, 2, 1, 1, 2, 0, 0, 0, 7, 1, 52, 9, 3, 1, 5, 3, 3, 6
10, CIVILIZATION_AYUTTHAYA, 1, 2, 1, 1, 3, 0, 0, 0, 7, 0, 50, 0, 3, 1, 5, 0, 1, 4
10, CIVILIZATION_BOLOGNA, 1, 2, 1, 1, 2, 0, 0, 0, 7, 1, 68, 0, 3, 1, 7, 0, 3, 6
10, CIVILIZATION_FREE_CITIES, 0, 0, 0, 0, 0, 0, 0, 0, 0, 0, 0, 0, 0, 0, 0, 0, 0, 0
10, CIVILIZATION_MONGOLIA, 1, 3, 2, 1, 2, 0, 0, 0, 8, 0, 51, 1, 3, 1, 6, 1, 8, 9
11, CIVILIZATION_NUBIA, 1, 2, 1, 1, 1, 0, 0, 0, 9, 2, 68, 4, 3, 3, 7, 1, 9, 6
11, CIVILIZATION_MACEDON, 1, 2, 2, 1, 1, 0, 0, 0, 9, 0, 65, 0, 3, 3, 6, 0, 10, 5
11, CIVILIZATION_SUMERIA, 1, 3, 2, 1, 2, 0, 0, 0, 9, 0, 63, 0, 3, 2, 8, 0, 12, 7
11, CIVILIZATION_CREE, 1, 2, 1, 1, 3, 0, 0, 0, 9, 2, 53, 4, 3, 1, 9, 1, 9, 6
11, CIVILIZATION_RUSSIA, 1, 2, 2, 1, 4, 0, 0, 0, 14, 0, 67, 2, 3, 3, 7, 2, 9, 6
11, CIVILIZATION_SCOTLAND, 1, 2, 2, 1, 1, 0, 0, 0, 9, 2, 67, 3, 3, 3, 7, 1, 6, 8
11, CIVILIZATION_HUNGARY, 1, 2, 2, 1, 1, 0, 0, 0, 9, 1, 67, 3, 3, 3, 7, 1, 9, 5
11, CIVILIZATION_CHINGUETTI, 1, 2, 1, 1, 2, 0, 0, 0, 7, 0, 55, 0, 3, 1, 5, 0, 2, 7
11, CIVILIZATION_KUMASI, 1, 2, 1, 1, 2, 0, 0, 0, 7, 0, 55, 0, 3, 1, 5, 0, 3, 6
11, CIVILIZATION_WOLIN, 1, 2, 1, 1, 2, 0, 0, 0, 7, 0, 55, 0, 3, 1, 5, 0, 2, 4
11, CIVILIZATION_KABUL, 1, 2, 2, 1, 3, 0, 0, 0, 7, 0, 71, 0, 3, 3, 8, 0, 5, 4
11, CIVILIZATION_HONG_KONG, 1, 2, 1, 1, 3, 0, 0, 0, 7, 1, 73, 0, 3, 1, 7, 0, 2, 4
11, CIVILIZATION_BUENOS_AIRES, 1, 2, 1, 1, 3, 0, 0, 0, 7, 1, 55, 10, 3, 1, 5, 1, 2, 6
11, CIVILIZATION_VALLETTA, 1, 2, 1, 1, 2, 0, 0, 0, 7, 0, 55, 0, 3, 1, 5, 0, 2, 4
11, CIVILIZATION_BRUSSELS, 1, 2, 2, 1, 2, 0, 0, 0, 7, 0, 67, 0, 4, 1, 8, 0, 2, 4
11, CIVILIZATION_NGAZARGAMU, 1, 2, 1, 1, 2, 0, 0, 0, 7, 0, 58, 0, 3, 1, 6, 0, 2, 5
11, CIVILIZATION_ARMAGH, 1, 2, 1, 1, 2, 0, 0, 0, 7, 2, 57, 15, 3, 1, 5, 6, 2, 6
11, CIVILIZATION_AYUTTHAYA, 1, 2, 1, 1, 3, 0, 0, 0, 7, 0, 55, 0, 3, 1, 5, 0, 1, 4
11, CIVILIZATION_BOLOGNA, 1, 2, 2, 1, 2, 0, 0, 0, 7, 1, 75, 0, 3, 1, 7, 0, 3, 6
11, CIVILIZATION_FREE_CITIES, 0, 0, 0, 0, 0, 0, 0, 0, 0, 0, 0, 0, 0, 0, 0, 0, 0, 0
11, CIVILIZATION_MONGOLIA, 1, 3, 2, 1, 2, 0, 0, 0, 8, 0, 57, 2, 3, 1, 6, 1, 8, 9
12, CIVILIZATION_NUBIA, 1, 3, 1, 1, 1, 0, 0, 0, 9, 2, 75, 5, 3, 4, 7, 1, 13, 7
12, CIVILIZATION_MACEDON, 1, 2, 2, 1, 2, 0, 0, 0, 9, 1, 71, 0, 3, 3, 6, 0, 8, 7
12, CIVILIZATION_SUMERIA, 1, 3, 2, 1, 2, 0, 0, 0, 10, 0, 72, 0, 3, 2, 8, 0, 12, 7
12, CIVILIZATION_CREE, 1, 3, 2, 1, 3, 0, 0, 0, 10, 2, 62, 5, 3, 2, 9, 1, 12, 8
12, CIVILIZATION_RUSSIA, 1, 2, 2, 1, 4, 0, 0, 0, 14, 0, 74, 4, 3, 3, 7, 2, 9, 6
12, CIVILIZATION_SCOTLAND, 1, 3, 2, 1, 1, 0, 0, 0, 9, 2, 74, 4, 3, 4, 7, 1, 9, 9
12, CIVILIZATION_HUNGARY, 1, 2, 2, 1, 1, 0, 0, 0, 9, 1, 74, 4, 3, 3, 7, 1, 9, 5
12, CIVILIZATION_CHINGUETTI, 1, 2, 1, 1, 2, 0, 0, 0, 7, 0, 60, 0, 3, 1, 5, 0, 2, 7
12, CIVILIZATION_KUMASI, 1, 2, 1, 1, 2, 0, 0, 0, 7, 0, 60, 0, 3, 1, 5, 0, 3, 6
12, CIVILIZATION_WOLIN, 1, 2, 1, 1, 2, 0, 0, 0, 7, 0, 60, 0, 3, 1, 5, 0, 2, 4
12, CIVILIZATION_KABUL, 1, 2, 2, 1, 3, 0, 0, 0, 7, 0, 79, 0, 3, 3, 8, 0, 5, 4
12, CIVILIZATION_HONG_KONG, 1, 2, 1, 1, 3, 0, 0, 0, 7, 1, 80, 0, 3, 1, 7, 0, 2, 6
12, CIVILIZATION_BUENOS_AIRES, 1, 3, 1, 1, 3, 0, 0, 0, 7, 1, 60, 11, 3, 1, 5, 1, 2, 9
12, CIVILIZATION_VALLETTA, 1, 2, 1, 1, 2, 0, 0, 0, 7, 0, 60, 0, 3, 1, 5, 0, 2, 4
12, CIVILIZATION_BRUSSELS, 1, 2, 3, 1, 2, 0, 0, 0, 7, 0, 73, 0, 4, 1, 6, 0, 2, 5
12, CIVILIZATION_NGAZARGAMU, 1, 2, 1, 1, 2, 0, 0, 0, 7, 0, 64, 0, 3, 1, 6, 0, 2, 5
12, CIVILIZATION_ARMAGH, 1, 3, 1, 1, 2, 0, 0, 0, 7, 2, 62, 21, 3, 1, 5, 6, 3, 8
12, CIVILIZATION_AYUTTHAYA, 1, 2, 1, 1, 3, 0, 0, 0, 7, 0, 60, 0, 3, 1, 5, 0, 1, 4
12, CIVILIZATION_BOLOGNA, 1, 2, 2, 1, 2, 0, 0, 0, 7, 1, 82, 0, 3, 1, 7, 0, 3, 6
12, CIVILIZATION_FREE_CITIES, 0, 0, 0, 0, 0, 0, 0, 0, 0, 0, 0, 0, 0, 0, 0, 0, 0, 0
12, CIVILIZATION_MONGOLIA, 1, 2, 2, 1, 2, 0, 0, 0, 11, 0, 13, 3, 3, 1, 6, 1, 7, 7
13, CIVILIZATION_NUBIA, 1, 3, 2, 2, 1, 0, 0, 0, 9, 2, 82, 6, 3, 4, 7, 1, 13, 7
13, CIVILIZATION_MACEDON, 1, 2, 2, 2, 2, 0, 0, 0, 9, 1, 77, 0, 3, 3, 6, 0, 8, 7
13, CIVILIZATION_SUMERIA, 1, 3, 2, 1, 2, 0, 0, 0, 10, 0, 80, 0, 3, 2, 8, 0, 13, 7
13, CIVILIZATION_CREE, 1, 3, 2, 1, 3, 0, 0, 0, 10, 1, 72, 6, 3, 4, 9, 1, 12, 8
13, CIVILIZATION_RUSSIA, 1, 2, 2, 1, 4, 0, 0, 0, 14, 0, 81, 6, 3, 3, 7, 2, 9, 6
13, CIVILIZATION_SCOTLAND, 1, 3, 2, 1, 1, 0, 0, 0, 9, 2, 81, 5, 3, 4, 7, 1, 9, 9
13, CIVILIZATION_HUNGARY, 1, 2, 2, 1, 2, 0, 0, 0, 9, 1, 81, 5, 3, 3, 7, 1, 9, 5
13, CIVILIZATION_CHINGUETTI, 1, 2, 1, 1, 2, 0, 0, 0, 7, 0, 65, 0, 3, 1, 5, 0, 2, 7
13, CIVILIZATION_KUMASI, 1, 2, 1, 1, 2, 0, 0, 0, 7, 0, 65, 0, 3, 1, 5, 0, 3, 6
13, CIVILIZATION_WOLIN, 1, 2, 1, 1, 2, 0, 0, 0, 7, 0, 65, 0, 3, 1, 5, 0, 2, 4
13, CIVILIZATION_KABUL, 1, 2, 2, 1, 4, 0, 0, 0, 7, 0, 87, 0, 3, 3, 8, 0, 5, 4
13, CIVILIZATION_HONG_KONG, 1, 2, 1, 1, 3, 0, 0, 0, 7, 1, 87, 0, 3, 1, 7, 0, 2, 6
13, CIVILIZATION_BUENOS_AIRES, 1, 3, 1, 1, 3, 0, 0, 0, 7, 1, 65, 12, 3, 1, 5, 1, 2, 9
13, CIVILIZATION_VALLETTA, 1, 2, 1, 1, 2, 0, 0, 0, 7, 0, 65, 0, 3, 1, 5, 0, 2, 4
13, CIVILIZATION_BRUSSELS, 1, 2, 4, 1, 2, 0, 0, 0, 7, 0, 81, 0, 4, 1, 8, 0, 2, 4
13, CIVILIZATION_NGAZARGAMU, 1, 2, 1, 1, 2, 0, 0, 0, 7, 0, 70, 0, 3, 1, 6, 0, 2, 5
13, CIVILIZATION_ARMAGH, 1, 3, 1, 1, 2, 0, 0, 0, 7, 2, 67, 27, 3, 1, 5, 6, 3, 8
13, CIVILIZATION_AYUTTHAYA, 1, 2, 1, 1, 4, 0, 0, 0, 7, 0, 65, 0, 3, 1, 5, 0, 1, 4
13, CIVILIZATION_BOLOGNA, 1, 2, 2, 1, 2, 0, 0, 0, 7, 1, 89, 0, 3, 1, 7, 0, 3, 6
13, CIVILIZATION_FREE_CITIES, 0, 0, 0, 0, 0, 0, 0, 0, 0, 0, 0, 0, 0, 0, 0, 0, 0, 0
13, CIVILIZATION_MONGOLIA, 1, 2, 2, 1, 2, 0, 0, 0, 11, 0, 19, 4, 3, 1, 6, 1, 8, 7
14, CIVILIZATION_NUBIA, 1, 3, 2, 2, 2, 0, 0, 0, 9, 3, 90, 7, 3, 4, 7, 1, 13, 7
14, CIVILIZATION_MACEDON, 1, 3, 3, 2, 3, 0, 0, 0, 10, 2, 83, 0, 3, 4, 6, 0, 12, 8
14, CIVILIZATION_SUMERIA, 1, 3, 2, 1, 2, 0, 0, 0, 10, 0, 89, 0, 3, 2, 8, 0, 13, 7
14, CIVILIZATION_CREE, 1, 3, 2, 2, 3, 0, 0, 0, 10, 1, 81, 7, 3, 4, 9, 1, 12, 8
14, CIVILIZATION_RUSSIA, 1, 2, 2, 2, 4, 0, 0, 0, 14, 0, 88, 8, 3, 3, 7, 2, 9, 6
14, CIVILIZATION_SCOTLAND, 1, 3, 2, 2, 2, 0, 0, 0, 9, 1, 88, 6, 3, 4, 7, 1, 9, 9
14, CIVILIZATION_HUNGARY, 1, 2, 2, 2, 2, 0, 0, 0, 9, 1, 88, 6, 3, 3, 7, 1, 9, 5
14, CIVILIZATION_CHINGUETTI, 1, 3, 2, 2, 2, 0, 0, 0, 7, 0, 70, 0, 3, 1, 5, 0, 3, 9
14, CIVILIZATION_KUMASI, 1, 2, 2, 2, 2, 0, 0, 0, 7, 0, 70, 0, 3, 1, 5, 0, 3, 6
14, CIVILIZATION_WOLIN, 1, 2, 1, 2, 2, 0, 0, 0, 7, 0, 70, 0, 3, 1, 5, 0, 2, 4
14, CIVILIZATION_KABUL, 1, 2, 2, 2, 4, 0, 0, 0, 7, 0, 95, 0, 3, 3, 8, 0, 5, 4
14, CIVILIZATION_HONG_KONG, 1, 2, 1, 2, 3, 0, 0, 0, 7, 1, 94, 0, 3, 1, 7, 0, 2, 6
14, CIVILIZATION_BUENOS_AIRES, 1, 3, 2, 2, 3, 0, 0, 0, 7, 1, 70, 13, 3, 1, 5, 1, 2, 9
14, CIVILIZATION_VALLETTA, 1, 2, 1, 2, 2, 0, 0, 0, 7, 0, 70, 0, 3, 1, 5, 0, 2, 4
14, CIVILIZATION_BRUSSELS, 1, 2, 4, 2, 2, 0, 0, 0, 7, 0, 87, 0, 4, 1, 6, 0, 2, 5
14, CIVILIZATION_NGAZARGAMU, 1, 2, 1, 2, 2, 0, 0, 0, 7, 0, 76, 0, 3, 3, 6, 0, 2, 5
14, CIVILIZATION_ARMAGH, 1, 3, 2, 2, 2, 0, 0, 0, 7, 2, 72, 33, 3, 1, 5, 6, 3, 8
14, CIVILIZATION_AYUTTHAYA, 1, 2, 1, 2, 4, 0, 0, 0, 7, 0, 70, 0, 3, 1, 5, 0, 1, 4
14, CIVILIZATION_BOLOGNA, 1, 2, 2, 2, 2, 0, 0, 0, 7, 1, 96, 0, 3, 1, 7, 0, 3, 6
14, CIVILIZATION_FREE_CITIES, 0, 0, 0, 0, 0, 0, 0, 0, 0, 0, 0, 0, 0, 0, 0, 0, 0, 0
14, CIVILIZATION_MONGOLIA, 2, 4, 3, 1, 2, 0, 0, 0, 18, 0, 27, 5, 4, 2, 8, 1, 13, 13
15, CIVILIZATION_NUBIA, 1, 3, 2, 2, 2, 0, 0, 0, 10, 3, 97, 8, 3, 4, 7, 1, 13, 7
15, CIVILIZATION_MACEDON, 1, 3, 3, 2, 4, 0, 0, 0, 10, 2, 89, 0, 3, 4, 6, 0, 12, 8
15, CIVILIZATION_SUMERIA, 1, 3, 2, 2, 3, 0, 0, 0, 10, 0, 32, 0, 3, 2, 8, 0, 13, 7
15, CIVILIZATION_CREE, 1, 3, 3, 2, 4, 0, 0, 0, 10, 1, 91, 8, 3, 4, 9, 1, 12, 8
15, CIVILIZATION_RUSSIA, 1, 3, 3, 2, 4, 0, 0, 0, 15, 0, 98, 10, 3, 4, 9, 2, 12, 7
15, CIVILIZATION_SCOTLAND, 1, 3, 2, 2, 2, 0, 0, 0, 10, 1, 96, 7, 3, 4, 7, 1, 9, 9
15, CIVILIZATION_HUNGARY, 1, 2, 3, 2, 3, 0, 0, 0, 9, 1, 96, 7, 3, 3, 7, 1, 9, 5
15, CIVILIZATION_CHINGUETTI, 1, 3, 3, 2, 2, 0, 0, 0, 7, 0, 75, 0, 3, 1, 5, 0, 3, 9
15, CIVILIZATION_KUMASI, 1, 2, 3, 2, 2, 0, 0, 0, 7, 0, 75, 0, 3, 1, 5, 0, 3, 6
15, CIVILIZATION_WOLIN, 1, 2, 2, 2, 2, 0, 0, 0, 7, 0, 75, 0, 3, 1, 5, 0, 2, 4
15, CIVILIZATION_KABUL, 1, 2, 2, 2, 5, 0, 0, 0, 7, 0, 103, 0, 3, 3, 8, 0, 5, 4
15, CIVILIZATION_HONG_KONG, 1, 2, 2, 2, 3, 0, 0, 0, 7, 1, 101, 0, 3, 1, 7, 0, 2, 6
15, CIVILIZATION_BUENOS_AIRES, 1, 3, 3, 2, 3, 0, 0, 0, 7, 1, 75, 14, 3, 1, 5, 1, 2, 9
15, CIVILIZATION_VALLETTA, 1, 2, 2, 2, 2, 0, 0, 0, 7, 0, 75, 0, 3, 1, 5, 0, 2, 4
15, CIVILIZATION_BRUSSELS, 1, 2, 5, 2, 2, 0, 0, 0, 7, 0, 95, 0, 4, 1, 8, 0, 2, 4
15, CIVILIZATION_NGAZARGAMU, 1, 2, 2, 2, 2, 0, 0, 0, 7, 0, 82, 0, 3, 3, 6, 0, 2, 5
15, CIVILIZATION_ARMAGH, 1, 3, 3, 2, 2, 0, 0, 0, 7, 2, 77, 39, 3, 1, 5, 6, 3, 8
15, CIVILIZATION_AYUTTHAYA, 1, 2, 2, 2, 4, 0, 0, 0, 7, 0, 75, 0, 3, 1, 5, 0, 1, 4
15, CIVILIZATION_BOLOGNA, 1, 2, 2, 2, 2, 0, 0, 0, 7, 1, 103, 0, 3, 3, 7, 0, 3, 6
15, CIVILIZATION_FREE_CITIES, 0, 0, 0, 0, 0, 0, 0, 0, 0, 0, 0, 0, 0, 0, 0, 0, 0, 0
15, CIVILIZATION_MONGOLIA, 2, 4, 3, 1, 3, 0, 0, 0, 18, 0, 35, 6, 4, 2, 8, 1, 13, 13
